chunk_file,start_inclusive,end_exclusive,hit_count,hits
hits_1000000000.csv,1000000000,1100000000,0,
hits_1100000000.csv,1100000000,1200000000,0,
hits_1200000000.csv,1200000000,1300000000,0,
hits_1300000000.csv,1300000000,1400000000,0,
hits_1400000000.csv,1400000000,1500000000,0,
hits_1500000000.csv,1500000000,1600000000,0,
hits_1600000000.csv,1600000000,1700000000,0,
hits_1700000000.csv,1700000000,1800000000,0,
hits_1800000000.csv,1800000000,1900000000,0,
hits_1900000000.csv,1900000000,2000000000,1,1938285196
hits_2000000000.csv,2000000000,2100000000,0,
hits_2100000000.csv,2100000000,2200000000,0,
hits_2200000000.csv,2200000000,2300000000,1,2240563518
hits_2300000000.csv,2300000000,2400000000,0,
hits_2400000000.csv,2400000000,2500000000,0,
hits_2500000000.csv,2500000000,2600000000,0,
hits_2600000000.csv,2600000000,2700000000,0,
hits_2700000000.csv,2700000000,2800000000,0,
hits_2800000000.csv,2800000000,2900000000,0,
hits_2900000000.csv,2900000000,3000000000,1,2952612351
hits_3000000000.csv,3000000000,3100000000,0,
hits_3100000000.csv,3100000000,3200000000,0,
hits_3200000000.csv,3200000000,3300000000,0,
hits_3300000000.csv,3300000000,3400000000,0,
hits_3400000000.csv,3400000000,3500000000,0,
hits_3500000000.csv,3500000000,3600000000,0,
hits_3600000000.csv,3600000000,3700000000,0,
hits_3700000000.csv,3700000000,3800000000,0,
hits_3800000000.csv,3800000000,3900000000,0,
hits_3900000000.csv,3900000000,4000000000,0,
hits_4000000000.csv,4000000000,4100000000,0,
hits_4100000000.csv,4100000000,4200000000,0,
hits_4200000000.csv,4200000000,4300000000,0,
hits_4300000000.csv,4300000000,4400000000,0,
hits_4400000000.csv,4400000000,4500000000,0,
hits_4500000000.csv,4500000000,4600000000,0,
hits_4600000000.csv,4600000000,4700000000,0,
hits_4700000000.csv,4700000000,4800000000,0,
hits_4800000000.csv,4800000000,4900000000,0,
hits_4900000000.csv,4900000000,5000000000,0,
hits_5000000000.csv,5000000000,5100000000,0,
hits_5100000000.csv,5100000000,5200000000,0,
hits_5200000000.csv,5200000000,5300000000,0,
hits_5300000000.csv,5300000000,5400000000,0,
hits_5400000000.csv,5400000000,5500000000,0,
hits_5500000000.csv,5500000000,5600000000,0,
hits_5600000000.csv,5600000000,5700000000,0,
hits_5700000000.csv,5700000000,5800000000,0,
hits_5800000000.csv,5800000000,5900000000,0,
hits_5900000000.csv,5900000000,6000000000,0,
hits_6000000000.csv,6000000000,6100000000,0,
hits_6100000000.csv,6100000000,6200000000,0,
hits_6200000000.csv,6200000000,6300000000,0,
hits_6300000000.csv,6300000000,6400000000,0,
hits_6400000000.csv,6400000000,6500000000,0,
hits_6500000000.csv,6500000000,6600000000,0,
hits_6600000000.csv,6600000000,6700000000,0,
hits_6700000000.csv,6700000000,6800000000,0,
hits_6800000000.csv,6800000000,6900000000,0,
hits_6900000000.csv,6900000000,7000000000,0,
hits_7000000000.csv,7000000000,7100000000,0,
hits_7100000000.csv,7100000000,7200000000,0,
hits_7200000000.csv,7200000000,7300000000,0,
hits_7300000000.csv,7300000000,7400000000,0,
hits_7400000000.csv,7400000000,7500000000,0,
hits_7500000000.csv,7500000000,7600000000,0,
hits_7600000000.csv,7600000000,7700000000,0,
hits_7700000000.csv,7700000000,7800000000,0,
hits_7800000000.csv,7800000000,7900000000,0,
hits_7900000000.csv,7900000000,8000000000,0,
hits_8000000000.csv,8000000000,8100000000,0,
hits_8100000000.csv,8100000000,8200000000,0,
hits_8200000000.csv,8200000000,8300000000,0,
hits_8300000000.csv,8300000000,8400000000,0,
hits_8400000000.csv,8400000000,8500000000,0,
hits_8500000000.csv,8500000000,8600000000,0,
hits_8600000000.csv,8600000000,8700000000,0,
hits_8700000000.csv,8700000000,8800000000,0,
hits_8800000000.csv,8800000000,8900000000,0,
hits_8900000000.csv,8900000000,9000000000,0,
hits_9000000000.csv,9000000000,9100000000,0,
hits_9100000000.csv,9100000000,9200000000,0,
hits_9200000000.csv,9200000000,9300000000,0,
hits_9300000000.csv,9300000000,9400000000,0,
hits_9400000000.csv,9400000000,9500000000,0,
hits_9500000000.csv,9500000000,9600000000,0,
hits_9600000000.csv,9600000000,9700000000,0,
hits_9700000000.csv,9700000000,9800000000,0,
hits_9800000000.csv,9800000000,9900000000,0,
hits_9900000000.csv,9900000000,10000000000,0,
